customerID,Churn_Pred,Churn_Prob,Risk_Bucket
4376-KFVRS,0,0.05874165455863637,Low
2754-SDJRD,1,0.9015149892580223,Very High
9917-KWRBE,0,0.19173030061179563,Low
0365-GXEZS,1,0.5531843826805306,Medium
9385-NXKDA,0,0.02997163194116195,Low
4686-UXDML,1,0.8209046491061284,Very High
2227-JRSJX,1,0.7027662179625461,High
4830-FAXFM,0,0.2427732079797649,Low
1830-IPXVJ,0,0.019632145683201367,Low
4690-LLKUA,1,0.607888666174703,High
5804-HYIEZ,1,0.5901026361288271,Medium
2388-LAESQ,0,0.04414963510508097,Low
5533-RJFTJ,0,0.35976739514603995,Low
4706-AXVKM,1,0.8360861408792405,Very High
0997-YTLNY,0,0.29490364736917263,Low
7971-HLVXI,0,0.10951807360593083,Low
7337-CINUD,0,0.042946832084835185,Low
1379-FRVEB,1,0.8097652126219849,Very High
4753-PADAS,0,0.43734161745822986,Medium
5701-GUXDC,0,0.1826379769977927,Low
7235-NXZCP,1,0.8903221744993495,Very High
0668-OGMHD,0,0.46297694143914625,Medium
2812-REYAT,0,0.07486325894902798,Low
8779-YIQQA,0,0.06220878698190623,Low
9701-CDXHR,0,0.3720977819228028,Low
7130-CTCUS,0,0.41928378021650803,Medium
1894-IGFSG,1,0.7095760298821842,High
0871-URUWO,1,0.8575041061502668,Very High
0057-QBUQH,0,0.06714369602092796,Low
9611-CTWIH,1,0.900408495727037,Very High
8058-DMYRU,1,0.6759605735777711,High
5351-QESIO,1,0.6909608685104316,High
4302-ZYFEL,0,0.02599123954208375,Low
6134-KWTBV,0,0.026315021591153644,Low
2034-GDRCN,1,0.9172165170418705,Very High
9544-PYPSJ,0,0.39637341121653574,Low
4208-UFFGW,1,0.6704041460570327,High
9537-JALFH,0,0.015676988745965192,Low
4415-IJZTP,1,0.9403206742081586,Very High
4701-MLJPN,0,0.3506487482555237,Low
7515-LODFU,0,0.022428909270373193,Low
4927-WWOOZ,1,0.9279890865578374,Very High
4067-HLYQI,1,0.5538684040922094,Medium
6184-DYUOB,0,0.4050325311040476,Medium
9209-NWPGU,0,0.20431517830239335,Low
9851-KIELU,1,0.7877857358349368,High
3199-XGZCY,1,0.8523206394879437,Very High
4226-KKDON,1,0.5866419673844738,Medium
1085-LDWAM,0,0.027485093619519455,Low
6825-UYPFK,1,0.5507820547444612,Medium
1767-CJKBA,0,0.01853577349308677,Low
7181-BQYBV,1,0.9557203657962564,Very High
0178-CIIKR,0,0.3452573926886481,Low
4256-ZWTZI,1,0.5274574497736035,Medium
9537-VHDTA,1,0.5915497577788523,Medium
2754-XBHTB,1,0.7736255319963284,High
5975-BAICR,0,0.16869658616334451,Low
3301-VKTGC,0,0.19444155292814794,Low
2877-VDUER,0,0.14149813331282504,Low
7717-BICXI,0,0.02252452929199742,Low
0562-FGDCR,0,0.009491543409506155,Low
3705-PSNGL,0,0.09463434961368476,Low
0048-LUMLS,0,0.35758217969138256,Low
6497-TILVL,0,0.3638231404161158,Low
2108-YKQTY,1,0.5296666636968429,Medium
3658-KIBGF,1,0.7650095613744802,High
5482-NUPNA,0,0.4347562780239903,Medium
7410-KTVFV,0,0.4039145610907508,Medium
9033-EOXWV,0,0.3542025659409655,Low
8821-XNHVZ,1,0.9154124096051034,Very High
8224-KDLKN,0,0.00826768007826533,Low
4825-FUREZ,0,0.04684623629122762,Low
7534-BFESC,1,0.7519985282504927,High
9138-EFSMO,0,0.3091418561739263,Low
4227-OJHAL,0,0.12376603207716827,Low
7279-NMVJC,0,0.08208065601364091,Low
8591-TKMZH,0,0.10527481388474247,Low
9283-LZQOH,1,0.7093930338966697,High
3594-IVHJZ,0,0.44447103301480756,Medium
1945-XISKS,0,0.01719548932553241,Low
4359-INNWN,0,0.07966049577251598,Low
7649-SIJJF,0,0.0216898348946399,Low
9254-RBFON,0,0.49536484059499886,Medium
0970-ETWGE,1,0.9470880817898677,Very High
7762-ONLJY,0,0.09308780694518762,Low
6710-HSJRD,1,0.6432413235263509,High
8873-GLDMH,1,0.8141370250662856,Very High
9907-SWKKF,1,0.8071089246539517,Very High
4658-HCOHW,1,0.7337386409259062,High
9330-VOFSZ,0,0.22875458336822868,Low
2860-RANUS,1,0.7733268641979283,High
6234-PFPXL,1,0.5178829528652881,Medium
7205-BAIAD,0,0.04159779903136796,Low
3858-VOBET,1,0.7283057329674723,High
5103-MHMHY,1,0.6728961539632048,High
6119-SPUDB,0,0.03495708984289655,Low
9389-ACWBI,1,0.6878576405352012,High
3454-JFUBC,0,0.025382693272629493,Low
1768-ZAIFU,1,0.9061950050861128,Very High
7017-VFULY,0,0.38461904072045466,Low
9221-OTIVJ,1,0.8934360170008739,Very High
2482-CZGBB,1,0.7672476298168697,High
7018-WBJNK,1,0.7049731503550403,High
3331-HQDTW,1,0.574939674380992,Medium
4695-VADHF,0,0.4626216252721185,Medium
4086-WITJG,0,0.011672095282322867,Low
6297-NOOPG,0,0.2905607666543807,Low
8777-PVYGU,0,0.10910369216726981,Low
4378-MYPGO,0,0.18004737497122403,Low
9313-CDOGY,0,0.15733614465828866,Low
4121-AGSIN,0,0.06132517664608475,Low
0432-CAJZV,1,0.8184982562491813,Very High
9097-ZUBYC,0,0.3483583018737589,Low
9638-JIQYA,1,0.7198928633430444,High
1024-GUALD,1,0.8511184769653807,Very High
8024-XNAFQ,0,0.04673801484985064,Low
7587-RZNME,1,0.7164341393606515,High
1346-UFHAX,1,0.7007614177356887,High
6374-NTQLP,0,0.07593528364190026,Low
6625-FLENO,0,0.02892608073048813,Low
7375-WMVMT,0,0.06858579167750528,Low
6910-HADCM,1,0.8946318440058337,Very High
7401-JIXNM,0,0.06266169973628768,Low
7338-ERIVA,0,0.1029545170639378,Low
5376-DEQCP,1,0.9198131624840781,Very High
0909-SELIE,0,0.05078945049790702,Low
5419-KLXBN,1,0.5952469530455365,Medium
0365-TRTPY,0,0.39273044459070755,Low
6712-OAWRH,1,0.7728505285386389,High
2428-ZMCTB,0,0.21915490888015085,Low
1963-VAUKV,1,0.5693088742833788,Medium
9381-NDKME,1,0.5753721304144516,Medium
3729-OWRVL,0,0.3658713013539872,Low
0895-LMRSF,0,0.3130050233141149,Low
2676-SSLTO,0,0.0856428439617794,Low
8495-PRWFH,0,0.40271995903787694,Medium
9030-QGZNL,0,0.04350229773778828,Low
9972-NKTFD,0,0.23069881565810552,Low
7998-WNZEM,0,0.020784744598619388,Low
0979-PHULV,1,0.6065015251346332,High
6445-TNRXS,0,0.20784439362181537,Low
9586-JGQKH,0,0.1997353471839529,Low
3966-HRMZA,1,0.7819369507552772,High
5498-IBWPI,0,0.07070975207920877,Low
6823-SIDFQ,0,0.015611273426128091,Low
2323-ARSVR,0,0.27803480899543687,Low
5468-BPMMO,0,0.18202693825720637,Low
0486-HECZI,1,0.6043304627695474,High
2178-PMGCJ,1,0.572481841016697,Medium
4660-IRIBM,1,0.5748053159864387,Medium
9674-EHPPG,0,0.04152621224725746,Low
5606-AMZBO,1,0.7204517176599025,High
0665-XHDJU,0,0.29039125320813,Low
5402-HTOTQ,1,0.5034252861139145,Medium
8258-GSTJK,1,0.8944024469587821,Very High
3787-TRIAL,1,0.5455881410077819,Medium
6175-IRFIT,1,0.7458085096369609,High
6317-YPKDH,1,0.7201844372003773,High
5692-FPTAH,1,0.758742504316501,High
5373-SFODM,1,0.6888589379843676,High
0868-VJRDR,0,0.17542923774799027,Low
4079-VTGLK,0,0.22688015629070457,Low
1166-PQLGG,0,0.009819101034196512,Low
5296-BFCYD,0,0.029459183678323463,Low
6568-POCUI,0,0.18730901102483208,Low
2839-RFSQE,0,0.3772773414141041,Low
2188-SXWVT,0,0.11622711726672451,Low
8849-GYOKR,0,0.3508143268943982,Low
3623-FQBOX,0,0.1953093637674239,Low
2649-HWLYB,0,0.06235034636430603,Low
0599-XNYDO,1,0.6238978094208221,High
2514-GINMM,1,0.9322230008904395,Very High
8401-EMUWF,0,0.27797954863655283,Low
5766-ZJYBB,1,0.5661537421064321,Medium
2604-IJPDU,1,0.6625912155641129,High
2501-XWWTZ,1,0.6936427314682994,High
6370-ZVHDV,0,0.026263310267999534,Low
3027-YNWZU,0,0.024113097782842825,Low
4526-ZJJTM,1,0.585878033073117,Medium
0440-QEXBZ,0,0.2803696114493373,Low
0330-IVZHA,1,0.7701855013050999,High
9758-MFWGD,0,0.209260739101306,Low
4229-CZMLL,1,0.8681019644590053,Very High
0742-MOABM,0,0.4756637256476951,Medium
4277-BWBML,0,0.008818676926478758,Low
5136-GFPMB,0,0.48261181491904737,Medium
7520-HQWJU,0,0.12967612238183487,Low
6304-IJFSQ,1,0.6065856658168433,High
0297-RBCSG,0,0.2710725962327389,Low
6013-BHCAW,0,0.08474707497758609,Low
4402-FTBXC,0,0.284739112600335,Low
1471-GIQKQ,1,0.7422836865572859,High
4283-FUTGF,1,0.777795324284562,High
9548-LERKT,0,0.02264079509456238,Low
8059-UDZFY,1,0.669555594342293,High
0410-IPFTY,1,0.5880882311599116,Medium
2478-EEWWM,1,0.6167235926511822,High
4619-EVPHY,1,0.6092290019813303,High
2277-DJJDL,1,0.6520824359876453,High
2911-WDXMV,1,0.651594027098944,High
3639-XJHKQ,0,0.4045646554612743,Medium
8173-RXAYP,0,0.022547781898562526,Low
4537-CIBHB,0,0.09666759414559467,Low
5442-BXVND,0,0.1489958485318561,Low
2308-STERM,0,0.36456161957125327,Low
7159-NOKYQ,0,0.29367320888982784,Low
6075-QMNRR,0,0.23874856774870387,Low
3694-GLTJM,0,0.3755328234941499,Low
9629-NHXFW,1,0.6373743876044139,High
7167-PCEYD,0,0.018958701982878245,Low
2748-MYRVK,0,0.34400506750611215,Low
4223-WOZCM,1,0.6778831997577551,High
6946-LMSQS,1,0.521156464133342,Medium
5469-NUJUR,0,0.035462721557088635,Low
6388-TABGU,0,0.07403255273287805,Low
1261-FWTTE,1,0.6235768844385874,High
8590-YFFQO,0,0.03758917662246599,Low
0082-OQIQY,1,0.6617540329608772,High
9465-RWMXL,1,0.6839538460370956,High
2930-UOTMB,0,0.18810056595638816,Low
9128-CPXKI,0,0.2249387185133168,Low
0484-FFVBJ,0,0.2726686885623612,Low
1100-DDVRV,1,0.6281090060969547,High
9313-QOLTZ,0,0.12827434151708342,Low
3338-CVVEH,1,0.8392986109888256,Very High
1131-SUEKT,0,0.30266894750378104,Low
7602-DBTOU,0,0.013355023422786846,Low
1385-TQOZW,0,0.321700208684184,Low
6892-XPFPU,1,0.8465295390733594,Very High
4115-NZRKS,1,0.9013407258837841,Very High
5514-YQENT,0,0.21116028693814487,Low
6319-IEJWJ,1,0.7719813913298978,High
8849-AYPTR,1,0.6365765971708977,High
5893-PYOLZ,0,0.08630245227828665,Low
7180-PISOG,1,0.9360078686328841,Very High
8443-ZRDBZ,1,0.8780050742736932,Very High
9079-YEXQJ,1,0.5844181585969458,Medium
3780-YVMFA,1,0.6326986361062594,High
6968-MHOMU,0,0.3044523669586752,Low
0899-LIIBW,1,0.7339739847849177,High
3677-IYRBF,1,0.8621363516494769,Very High
8393-DLHGA,1,0.7313815010367526,High
7691-XVTZH,0,0.2044889415796955,Low
5360-LJCNJ,0,0.2169704135070139,Low
3891-PUQOD,1,0.8075301461883397,Very High
0952-KMEEH,1,0.7535321394451076,High
4919-IKATY,1,0.8330718600654392,Very High
9746-UGFAC,0,0.07260876432336277,Low
9108-EQPNQ,0,0.048569654819600586,Low
0531-ZZJWQ,1,0.6470699596583983,High
8763-KIAFH,0,0.06377919450334438,Low
5863-OOKCL,0,0.093506667690488,Low
2958-NHPPS,0,0.20945533966198646,Low
9530-GRMJG,0,0.1274046977507272,Low
1809-DMJHQ,0,0.46901236497855886,Medium
0164-XAIRP,0,0.03435519657671821,Low
2926-JEJJC,0,0.1584510563825358,Low
1169-WCVAK,1,0.5433559842408192,Medium
1217-VASWC,1,0.5291991624388636,Medium
2452-KDRRH,1,0.7035279353304784,High
6402-EJMWF,1,0.6014605932596733,High
7663-CUXZB,0,0.2439631461424908,Low
4312-KFRXN,0,0.009457361072400526,Low
3011-WQKSZ,0,0.2734322292953871,Low
9747-DDZOS,1,0.8663064501221283,Very High
2091-MJTFX,0,0.2634644981466943,Low
0388-EOPEX,1,0.8232824433982366,Very High
3161-ONRWK,0,0.06914628023419864,Low
2587-EKXTS,1,0.6891388740726091,High
9752-ZNQUT,1,0.8156438341049986,Very High
9572-WUKSB,1,0.7003167468836525,High
3836-FZSDJ,0,0.01830745173549476,Low
8805-JNRAZ,1,0.5586660909650228,Medium
3069-SSVSN,0,0.37284418402111863,Low
8015-IHCGW,0,0.048276068813467306,Low
8132-YPVBX,1,0.8265840318361074,Very High
0235-KGSLC,1,0.9225928360595824,Very High
1302-UHBDD,1,0.7466793213866649,High
3722-WPXTK,1,0.9478746033118866,Very High
7531-GQHME,0,0.2074312897776997,Low
1335-NTIUC,1,0.677617023709676,High
9367-TCUYN,0,0.2085803252798927,Low
1536-HBSWP,1,0.7491178852069741,High
8573-JGCZW,0,0.08289118724661665,Low
2694-CIUMO,1,0.7288811544223563,High
2027-FECZV,1,0.8882187409916744,Very High
9103-TCIHJ,0,0.4181983743194581,Medium
1545-JFUML,0,0.16974985251326255,Low
0524-IAVZO,1,0.7576755842830556,High
5519-TEEUH,0,0.05302756317903919,Low
6654-QGBZZ,1,0.607891581981477,High
2294-DMMUS,0,0.32844996409552385,Low
0017-IUDMW,0,0.037730954609649175,Low
5018-LXQQG,0,0.21007294488189834,Low
5808-TOTXO,0,0.13266243482084472,Low
1174-FGIFN,0,0.4756440224664813,Medium
0730-KOAVE,1,0.5650985361821252,Medium
1218-VKFPE,0,0.08003605562521424,Low
5313-FPXWG,0,0.07715661509279809,Low
2834-JKOOW,0,0.15491577190169256,Low
9430-NKQLY,0,0.01012119744662504,Low
0363-QJVFX,1,0.5644506350177317,Medium
1658-TJVOA,1,0.7856998799924325,High
6685-GBWJZ,0,0.09885432067023753,Low
6328-ZPBGN,1,0.8807142456605589,Very High
4003-FUSHP,0,0.3881179655444707,Low
7690-KPNCU,0,0.15899142699882873,Low
2969-WGHQO,0,0.3417095031006245,Low
1855-CFULU,0,0.390055689766482,Low
9788-YTFGE,0,0.30382334831808855,Low
8266-VBFQL,1,0.8275442611371481,Very High
2325-NBPZG,1,0.7731574995038398,High
9906-NHHVC,0,0.11499231265482464,Low
2541-YGPKE,0,0.14663379581093397,Low
5049-MUBWG,0,0.19207430290892213,Low
2332-TODQS,0,0.07467477216964137,Low
4419-UJMUS,0,0.327403916888492,Low
2233-TXSIU,0,0.20461617360046064,Low
6770-XUAGN,1,0.6697749247086026,High
2919-HBCJO,1,0.7920608824970568,High
9508-ILZDG,1,0.7013698526420455,High
5442-BHQNG,1,0.8107455638038471,Very High
7250-EQKIY,1,0.699034513248853,High
6838-HVLXG,0,0.21030229915121673,Low
9767-FFLEM,1,0.5428285905077279,Medium
2245-ADZFJ,0,0.09216521073683649,Low
1150-WFARN,0,0.16781994984385873,Low
9054-FOWNV,1,0.7752211961746931,High
7997-EASSD,0,0.15137859633452622,Low
7560-QJAVJ,0,0.05780295473103447,Low
2668-TZSPS,1,0.5549388894571885,Medium
9139-WQQDY,0,0.33028978684879856,Low
6726-NNFWD,0,0.08546733857982235,Low
9330-DHBFL,0,0.13974023801648694,Low
5727-MYATE,0,0.019390893363955133,Low
2824-DXNKN,0,0.02406570782147844,Low
6166-ILMNY,1,0.76675342391211,High
5236-XMZJY,0,0.23231942715459214,Low
1709-EJDOX,0,0.028660601823674282,Low
4962-CHQPW,0,0.044728302733087914,Low
0301-FIDRB,0,0.013472129326087481,Low
1820-TQVEV,1,0.9151426759825207,Very High
9115-YQHGA,0,0.3713136763230513,Low
1541-ETJZO,1,0.6207665600551033,High
6230-BSUXY,1,0.9518877964237564,Very High
6797-LNAQX,0,0.18500285737733835,Low
9588-YRFHY,0,0.03612826606315813,Low
1092-GANHU,1,0.698708453034722,High
5951-AOFIH,0,0.324825455941713,Low
7029-RPUAV,1,0.8382354923468318,Very High
4700-UBQMV,0,0.3168253349247529,Low
3594-UVONA,0,0.2541618560345461,Low
7750-EYXWZ,0,0.37153771590561285,Low
7054-ENNGU,0,0.40469294813731693,Medium
0402-OAMEN,0,0.008913484748736015,Low
2195-VVRJF,0,0.4420405716411831,Medium
8819-ZBYNA,0,0.23665131797948202,Low
7748-UMTRK,1,0.7641631188304427,High
1741-WTPON,0,0.08579350790075153,Low
7209-JCUDS,1,0.8579965910028987,Very High
2485-ITVKB,1,0.8605720172893003,Very High
9648-BCHKM,0,0.05617798917678886,Low
0743-HRVFF,0,0.2397783695330038,Low
2522-AHJXR,1,0.5369702558747845,Medium
9143-CANJF,0,0.30000012854320385,Low
1444-VVSGW,0,0.40900963553433783,Medium
6898-MDLZW,0,0.3967998496038725,Low
0074-HDKDG,0,0.1478077406598171,Low
3982-JGSFD,0,0.0631725176508467,Low
7928-VJYAB,1,0.7634571396197164,High
1522-VVDMG,1,0.7848811597455628,High
2665-NPTGL,1,0.8019739307800899,Very High
8728-SKJLR,1,0.5870498137029847,Medium
7733-UDMTP,1,0.6241326847136438,High
0431-APWVY,0,0.48593855955022597,Medium
5081-NWSUP,0,0.2259999311611992,Low
2746-DIJLO,0,0.19493308572376872,Low
7277-OZCGZ,1,0.6133422516774695,High
5236-PERKL,0,0.21853399541061477,Low
2788-CJQAQ,0,0.0627744667815855,Low
3096-WPXBT,0,0.2538899667357764,Low
9962-BFPDU,1,0.5947199083383201,Medium
2892-GESUL,0,0.02957676426944723,Low
9741-YLNTD,1,0.8286999408857931,Very High
1205-WNWPJ,1,0.549490731360307,Medium
3173-NVMPX,1,0.5321899218594267,Medium
9661-MHUMO,1,0.6982470396425512,High
6000-APYLU,1,0.8157979002016641,Very High
0048-PIHNL,0,0.06785080253508985,Low
9420-LOJKX,1,0.7425012914634319,High
7061-OVMIM,0,0.050948812388567605,Low
5671-RQRLP,0,0.18373133569547365,Low
5129-JLPIS,1,0.717919880814459,High
5170-PTRKA,0,0.10092928140826142,Low
4819-HJPIW,0,0.40787968554972914,Medium
8780-RSYYU,0,0.1047264069211483,Low
2335-GSODA,0,0.03021123792467285,Low
5696-CEIQJ,0,0.15973665586990998,Low
6169-PPETC,0,0.027759645145165837,Low
4237-RLAQD,1,0.7550533322072951,High
7359-WWYJV,0,0.0656799759819551,Low
8620-RJPZN,1,0.5880733869337784,Medium
7426-WEIJX,0,0.44351555358740147,Medium
7629-WIXZF,0,0.41370924510819296,Medium
2616-FLVQC,0,0.021986413242959697,Low
9163-GHAYE,0,0.46270059837024385,Medium
4464-JCOLN,0,0.09766682392222215,Low
2971-SGAFL,1,0.6471472427425764,High
4735-ASGMA,1,0.8343965116417981,Very High
5245-VDBUR,0,0.11922462191741334,Low
1493-AMTIE,1,0.5866246089697346,Medium
1112-CUNAO,1,0.7837442085053788,High
7571-YXDAD,1,0.8277141016786199,Very High
8714-EUHJO,1,0.7015842688516458,High
9040-KZVWO,0,0.21206782738849628,Low
6713-OKOMC,0,0.3592481512039449,Low
8749-CLJXC,1,0.5938906205890275,Medium
4713-LZDRV,1,0.9025779245115891,Very High
6598-RFFVI,0,0.07365929701456922,Low
7470-MCQTK,1,0.6548376223360313,High
5524-KHNJP,0,0.2024469892190393,Low
1707-HABPF,0,0.2717118758974588,Low
4581-LNWUM,1,0.6695875142370603,High
9710-ZUSHQ,1,0.5903877464553535,Medium
1697-LYYYX,0,0.020433818388643412,Low
4013-GUXND,1,0.5549388894571885,Medium
5022-JNQEQ,1,0.7338429944978291,High
4983-CCWMC,1,0.7742467550222001,High
6345-FZOQH,0,0.016138239978345584,Low
0962-CQPWQ,0,0.019734696656805946,Low
5495-GPSRW,0,0.035206537651936494,Low
2252-JHJGE,0,0.48062896828507623,Medium
7356-AYNJP,0,0.19602532028694272,Low
2019-HDCZY,0,0.3690124200900102,Low
8582-KRHPJ,0,0.25136604797804696,Low
2867-UIMSS,1,0.9129403220544482,Very High
3487-EARAT,0,0.11818617379397497,Low
9926-PJHDQ,0,0.06270463005641064,Low
0289-IVARM,0,0.30125902112675834,Low
4672-FOTSD,1,0.5025462338481088,Medium
6198-PNNSZ,0,0.3046131705511496,Low
7603-USHJS,1,0.7218763624190128,High
6784-XYJAE,0,0.19119427197610633,Low
3858-XHYJO,0,0.45111116035312815,Medium
1087-UDSIH,0,0.40381110083771016,Medium
7251-LJBQN,1,0.5550330265591502,Medium
3200-MNQTF,0,0.0434874801753051,Low
9359-UGBTK,0,0.12151008351220262,Low
8160-HOWOX,1,0.7499933119877887,High
0258-NOKBL,1,0.834237523154406,Very High
2800-QQUSO,1,0.7615993238798133,High
2129-ALKBS,0,0.23891974285639964,Low
9972-VAFJJ,0,0.33560755636014716,Low
4693-VWVBO,0,0.43719504866838,Medium
6969-MVBAI,1,0.8858951822265578,Very High
4821-WQOYN,0,0.011353985107198513,Low
6769-DYBQN,1,0.5488156386475654,Medium
4018-PPNDW,0,0.023507466795156223,Low
6288-CHQJB,0,0.04376288965139959,Low
4905-JEFDW,1,0.5427780690131956,Medium
0559-CKHUS,0,0.032168017465673236,Low
2659-VXMWZ,0,0.4055619279933568,Medium
6559-RAKOZ,1,0.5764232911164565,Medium
8809-XKHMD,0,0.06915675130477716,Low
6365-HITVU,0,0.020867115804460167,Low
0134-XWXCE,0,0.2754351852628685,Low
9720-JJJOR,0,0.14006821550622697,Low
2782-LFZVW,1,0.5602317743196263,Medium
6112-KTHFQ,0,0.1795656574895871,Low
9220-ZNKJI,0,0.10541716207182235,Low
9820-RMCQV,0,0.3904177858743207,Low
9013-AQORL,0,0.3336599118235181,Low
2040-OBMLJ,0,0.21142832960276714,Low
5574-NXZIU,0,0.19232186226141063,Low
5446-DKWYW,0,0.21771324073938855,Low
0480-KYJVA,0,0.008791857827805472,Low
1074-AMIOH,0,0.40138273841682875,Medium
0015-UOCOJ,1,0.6316034092670462,High
0256-LTHVJ,1,0.6573046440150613,High
4547-LYTDD,1,0.6987678656852666,High
1077-HUUJM,1,0.8101867447161878,Very High
2041-JIJCI,1,0.7618003147069575,High
1555-HAPSU,0,0.01268738112345265,Low
4323-SADQS,1,0.5193620671405514,Medium
3292-PBZEJ,1,0.8989237026225799,Very High
6203-HBZPA,0,0.05715521847208959,Low
9755-JHNMN,0,0.05175202418662085,Low
7369-TRPFD,0,0.02111952869201084,Low
9878-TNQGW,1,0.8881090453923816,Very High
2279-AXJJK,0,0.48944725197221944,Medium
5016-IBERQ,1,0.6492394625303227,High
1016-DJTSV,1,0.8140971250575182,Very High
8433-WPJTV,0,0.306000231241111,Low
8903-XEBGX,1,0.7692357038363535,High
2632-TACXW,0,0.02601662557991828,Low
7952-OBOYL,1,0.8094020911394524,Very High
1470-PSXNM,0,0.4495648558499253,Medium
6227-HWPWX,1,0.5704259207391341,Medium
5924-SNGKP,0,0.0670313753690033,Low
8818-DOPVL,1,0.7683712756421365,High
4521-WFJAI,0,0.050000514617168576,Low
4724-WXVWF,1,0.5931941722075477,Medium
3717-OEAUQ,1,0.7572907756796998,High
8165-ZJRNM,0,0.00891784321866837,Low
7838-LAZFO,0,0.18883133375022204,Low
0513-RBGPE,0,0.056135066964423476,Low
7251-XFOIL,0,0.33057668226350595,Low
2525-GVKQU,0,0.03710893895257345,Low
7579-OOPEC,1,0.6242741139595197,High
3795-GWTRD,0,0.03616069464107661,Low
4750-ZRXIU,1,0.9204816826056113,Very High
5445-PZWGX,0,0.3070918761333167,Low
0516-UXRMT,0,0.25496398194436865,Low
0727-BNRLG,0,0.14096654061011676,Low
3932-CMDTD,1,0.7747955091636328,High
1264-FUHCX,0,0.22053310559869962,Low
6194-HBGQN,0,0.14445887860104625,Low
4524-QCSSM,0,0.41497014366836543,Medium
4570-QHXHL,1,0.6191116779807664,High
2972-YDYUW,0,0.3049752099779587,Low
2061-VVFST,0,0.14740293187841066,Low
6874-SGLHU,0,0.4839655248121335,Medium
9844-FELAJ,0,0.3219299952843725,Low
1902-XBTFB,1,0.7129553272448574,High
9039-RBEEE,0,0.2725519555894361,Low
9369-XFEHK,1,0.6239724103354337,High
3680-CTHUH,0,0.40414537661773153,Medium
3679-XASPY,1,0.5863737370331766,Medium
9089-UOWJG,0,0.49025825002882817,Medium
1574-DYCWE,0,0.029293638525830636,Low
9779-DPNEJ,1,0.7131801349470178,High
2967-MXRAV,0,0.09861887359788087,Low
0327-WFZSY,1,0.5595148631270654,Medium
1731-TVIUK,1,0.8810052111570011,Very High
7666-WKRON,0,0.21548097037139857,Low
3865-ZYKAD,0,0.35761435905627015,Low
1465-LNTLJ,0,0.49746036574656743,Medium
2696-RZVZW,0,0.02031586528541419,Low
0685-MLYYM,1,0.8402046581189988,Very High
2778-OCLGR,0,0.45054380356241897,Medium
3982-XWFZQ,0,0.4243066070357062,Medium
4759-PXTAN,0,0.2630329952397966,Low
1448-PWKYE,1,0.8949678022089421,Very High
8741-LQOBK,0,0.26550194225152135,Low
8650-RHRKE,1,0.7655727130427448,High
7266-GSSJX,0,0.31039594200267023,Low
1265-HVPZB,0,0.10762991439592168,Low
9640-ZSLDC,0,0.17909495623966337,Low
0988-JRWWP,1,0.740957602463552,High
1926-QUZNN,0,0.01480985361241935,Low
9025-ZRPVR,0,0.15249989830653998,Low
6527-PZFPV,0,0.061864795483965326,Low
7460-ITWWP,1,0.6161865516655721,High
1530-ZTDOZ,0,0.33208241066054256,Low
4785-FCIFB,0,0.023182672824115198,Low
9717-QEBGU,1,0.8591197085216677,Very High
0876-WDUUZ,1,0.8000822803705,Very High
7881-EVUAD,1,0.8138246397884009,Very High
4002-BQWPQ,0,0.25468300486980655,Low
6377-WHAOX,1,0.6780111534652472,High
5027-YOCXN,0,0.3081136503155541,Low
8450-JOVAH,1,0.5073820549098462,Medium
6646-QVXLR,1,0.5516508043952221,Medium
0254-KCJGT,0,0.16726684139782383,Low
3442-ZHHCC,0,0.21798824598143868,Low
9167-APMXZ,1,0.7081356629351747,High
0616-ATFGB,1,0.8639045386662055,Very High
7273-TEFQD,1,0.8566506840371707,Very High
8245-UMPYT,1,0.8806833239986561,Very High
6022-UGGSO,1,0.6698726475034925,High
6292-TOSSS,0,0.041779798705420756,Low
5207-PLSTK,1,0.6687022647524337,High
3908-BLSYF,1,0.8139384062166,Very High
4317-VTEOA,1,0.817007473879442,Very High
0625-AFOHS,0,0.02493842256541583,Low
4667-OHGKG,1,0.6060548817464678,High
2386-OWURY,1,0.5274362617768542,Medium
3780-DDGSE,0,0.45811141255723486,Medium
1047-RNXZV,0,0.030008855473561292,Low
3926-YZVVX,0,0.13391466034919425,Low
4742-TXUEX,0,0.027556556808863448,Low
8709-KRDVL,1,0.7887320539827677,High
0397-ZXWQF,0,0.019246546248581922,Low
3910-MRQOY,0,0.011387858994789382,Low
2511-MORQY,0,0.13826298957403083,Low
4039-PIMHX,0,0.10588363545492345,Low
8083-YTZES,1,0.8753899351160253,Very High
1346-PJWTK,0,0.2635010162586073,Low
3750-YHRYO,0,0.10366159292398154,Low
1236-WFCDV,1,0.7202198687696258,High
5949-HGVJL,0,0.4492934129014068,Medium
9112-WSNPU,1,0.6236825619886591,High
1360-JYXKQ,0,0.49930524516415287,Medium
3585-ISXZP,1,0.8575291968930444,Very High
8380-PEFPE,1,0.9121509781837478,Very High
9402-ROUMJ,0,0.24800251844061671,Low
4335-UPJSI,0,0.022934561227849662,Low
6096-EGVTU,0,0.032986125035568366,Low
8988-ECPJR,1,0.6054886525747252,High
7677-SJJJK,0,0.1005989143470059,Low
5850-BDWCY,0,0.2852419874754344,Low
2025-JKFWI,1,0.8053604950131862,Very High
8028-PNXHQ,0,0.026576446488688874,Low
8397-MVTAZ,1,0.8122055037507747,Very High
4445-ZJNMU,1,0.8839676466910109,Very High
3125-RAHBV,0,0.062416092072498056,Low
6682-QJDGB,0,0.2270668922296441,Low
8840-DQLGN,0,0.4905078775239728,Medium
6258-NGCNG,0,0.3133206378793127,Low
5917-RYRMG,0,0.05969110731817545,Low
7157-SMCFK,0,0.03052728062610315,Low
0816-TSPHQ,0,0.35989889016469023,Low
6766-HFKLA,0,0.2321003516113479,Low
7067-KSAZT,0,0.48004205390602134,Medium
5155-AZQPB,0,0.24780977354900716,Low
6890-PFRQX,0,0.34884562712502737,Low
3508-VLHCZ,0,0.027975791867395246,Low
3649-JPUGY,0,0.039349695866793474,Low
9248-OJYKK,1,0.9481976341503475,Very High
7239-HZZCX,1,0.5691304258601414,Medium
9860-LISIZ,0,0.1254737212105269,Low
6979-ZNSFF,1,0.8864759126764011,Very High
8938-UMKPI,1,0.7397932546978181,High
1820-DJFPH,0,0.011013599244650608,Low
0732-OCQOC,0,0.04079143155618865,Low
6776-TLWOI,0,0.3296796504834668,Low
4940-KHCWD,0,0.03640715073466571,Low
9057-SIHCH,1,0.9443149823626352,Very High
9866-QEVEE,1,0.7009597436450392,High
5542-TBBWB,1,0.91585518002527,Very High
4587-VVTOX,1,0.9266548042595432,Very High
6322-HRPFA,0,0.18536777537891777,Low
6284-AHOOQ,1,0.6762767530958153,High
4530-NDRKU,0,0.038549660603007053,Low
1751-NCDLI,1,0.8203182398136224,Very High
3893-JRNFS,0,0.27729850119918825,Low
5857-XRECV,0,0.11639971185367465,Low
3115-CZMZD,0,0.09858906914982674,Low
4489-SNOJF,0,0.31062780875633,Low
1051-GEJLJ,0,0.35981268676722056,Low
3563-SVYLG,0,0.024830341948608958,Low
4301-VVZKA,1,0.79659641489356,High
9351-HXDMR,0,0.10571587812652984,Low
5161-XEUVX,0,0.12186270564666118,Low
3088-FVYWK,0,0.03381502332514831,Low
9812-GHVRI,1,0.5350889655332894,Medium
1370-GGAWX,0,0.4790703926086475,Medium
6023-YEBUP,1,0.9479630186665495,Very High
9940-RHLFB,1,0.8930675100293204,Very High
4541-RMRLG,0,0.2564739473518708,Low
2606-RMDHZ,1,0.6397148142984764,High
5575-TPIZQ,1,0.5148301997694329,Medium
9378-FXTIZ,0,0.2720093804939986,Low
4631-OACRM,1,0.8100958270075119,Very High
8593-WHYHV,1,0.9096629172280362,Very High
1403-GYAFU,0,0.0177447513675033,Low
7641-TQFHN,0,0.1982531751925329,Low
4237-CLSMM,0,0.3491912264962831,Low
4360-PNRQB,1,0.6704585054451714,High
5334-AFQJB,0,0.013615809040436999,Low
9308-ANMVE,0,0.3465412823857428,Low
3530-VWVGU,0,0.1473679052077926,Low
4674-HGNUA,0,0.027583957397453406,Low
3030-YDNRM,1,0.8498736198349903,Very High
3642-BYHDO,0,0.012898499302759173,Low
0440-UEDAI,0,0.2551973801119025,Low
9819-FBNSV,1,0.583124125159446,Medium
9289-LBQVU,0,0.1427904971839284,Low
4468-YDOVK,1,0.5145746192694672,Medium
2001-EWBQU,0,0.30072011975793833,Low
9992-UJOEL,1,0.6609219022452836,High
8409-WQJUX,0,0.2620317828002541,Low
3077-RSNTJ,0,0.26761845605493617,Low
6993-YCOBK,0,0.2535732591823169,Low
4817-VYYWS,1,0.8045053540557637,Very High
4702-HDRKD,0,0.07385098598208595,Low
3251-YMVWZ,0,0.06399659867423169,Low
4190-MFLUW,0,0.3980390639194135,Low
4678-DVQEO,1,0.7513124663879504,High
4701-AHWMW,0,0.295344297359988,Low
2987-BJXIK,0,0.03395585129878562,Low
1730-VFMWO,0,0.23641322241678744,Low
1936-UAFEH,0,0.18086238290569728,Low
5140-FOMCQ,0,0.35014843655001165,Low
8778-LMWTJ,1,0.7329121994383337,High
9840-DVNDC,1,0.8024506912607203,Very High
8033-VCZGH,1,0.6184622981027234,High
8580-QVLOC,0,0.02074274002778527,Low
6128-AQBMT,1,0.6717537409300262,High
6257-RJOHI,1,0.5377378640413275,Medium
1929-ZCBHE,0,0.14643392509065817,Low
6242-SGYTS,0,0.1923956011935301,Low
7010-ZMVBF,0,0.16844116649518426,Low
3519-ZKXGG,1,0.879606299848476,Very High
5666-MBJPT,0,0.02537944777766836,Low
3313-QKNKB,0,0.3963591827296355,Low
7581-EBBOU,0,0.09980350955860497,Low
1784-BXEFA,0,0.2610276987531441,Low
7492-TAFJD,0,0.05901124079551984,Low
5213-TWWJU,0,0.48413730294900464,Medium
3312-ZWLGF,1,0.6658005833990837,High
2923-ARZLG,0,0.24548752189350292,Low
7032-LMBHI,0,0.13834475225366816,Low
8292-ITGYJ,0,0.046179905342848514,Low
9107-UKCKY,0,0.3123700995995988,Low
6848-HJTXY,0,0.023572339372223743,Low
4184-VODJZ,0,0.41248638002215515,Medium
4846-WHAFZ,1,0.7289516737173688,High
8735-SDUFN,0,0.012163500588845896,Low
0839-JTCUD,0,0.049782839605289564,Low
6857-VWJDT,1,0.9518223985030003,Very High
7363-QTBIW,1,0.8292585526296983,Very High
6158-HDPXZ,1,0.729234017744505,High
5419-CONWX,1,0.8981249121101795,Very High
9286-DOJGF,1,0.6096777827008807,High
2408-PSJVE,0,0.23500137877236374,Low
2087-QAREY,0,0.388530381578259,Low
6777-TGHTM,0,0.4794257643643685,Medium
6507-ZJSUR,1,0.7884320154632385,High
5025-GOOKI,0,0.13534318855109592,Low
6080-LNESI,0,0.036559808827533985,Low
2236-HILPA,0,0.022575692787547574,Low
1386-ZIKUV,0,0.18207080288439387,Low
3365-SAIGS,1,0.7465543159083504,High
6061-GWWAV,0,0.1613328496240457,Low
9979-RGMZT,1,0.7429527042067301,High
8445-DNBAE,1,0.8253220642380426,Very High
6872-HXFNF,0,0.06300653812357651,Low
1320-HTRDR,1,0.8790873616644681,Very High
3923-CSIHK,1,0.6108128900054005,High
2446-ZKVAF,0,0.3723163585212011,Low
4640-UHDOS,1,0.5116157869323488,Medium
5457-COLHT,0,0.053475267475949745,Low
2254-DLXRI,1,0.9234387226553387,Very High
5339-PXDVH,1,0.7879475669699364,High
2386-LAHRK,1,0.7906643386867417,High
5062-CJJKH,0,0.15335046152803858,Low
8930-XOTDP,0,0.39436844586418174,Low
4779-ZGICK,0,0.033134723740277365,Low
9534-NSXEM,0,0.06565249694778642,Low
3716-BDVDB,1,0.9151426759825207,Very High
9842-EFSYY,1,0.610829632456286,High
9122-UMROB,1,0.5586510648448444,Medium
1867-BDVFH,1,0.8097559669050971,Very High
5949-EBSQK,0,0.40772008634489787,Medium
4160-AMJTL,0,0.38958598234812647,Low
8622-ZLFKO,1,0.9079936415568655,Very High
2990-IAJSV,0,0.016220248059948483,Low
6064-ZATLR,0,0.06343286963359598,Low
7409-KIUTL,1,0.9276017541458574,Very High
5505-OVWQW,0,0.07083688069988141,Low
3948-KXDUF,0,0.03444273226856706,Low
9814-AOUDH,0,0.0340187550526045,Low
7398-LXGYX,0,0.46483992348367476,Medium
5266-PFRQK,0,0.06045341003380765,Low
1568-BEKZM,0,0.06353648479531886,Low
2692-PFYTJ,1,0.6006825838222867,High
2533-QVMSK,0,0.18599910409983628,Low
5828-AVIPD,1,0.7087393705420549,High
2907-ILJBN,0,0.08335438699492892,Low
5226-NOZFC,1,0.6811583800241839,High
7114-AEOZE,0,0.0407404886878416,Low
2202-CUYXZ,1,0.9350511554037096,Very High
3466-RITXD,1,0.5679875868891435,Medium
7278-CKDNC,1,0.7535473809255004,High
1956-YIFGE,1,0.5825568184134168,Medium
0422-UXFAP,1,0.6083011415265371,High
3733-UOCWF,0,0.1602197213719718,Low
7191-ADRGF,0,0.16956548814856817,Low
5709-LVOEQ,0,0.12921201716987268,Low
6034-YMTOB,1,0.7353682208055679,High
6372-RFVNS,1,0.9102320205177223,Very High
9052-DHNKM,0,0.1729097225993209,Low
5609-IMCGG,1,0.6576116756089987,High
2959-MJHIC,1,0.8620134876379861,Very High
1319-YLZJG,1,0.7001011162577313,High
7623-TRNQN,1,0.6247338317506647,High
0377-JBKKT,0,0.21691683162601977,Low
1936-CZAKF,0,0.16348255083570193,Low
5063-IUOKK,0,0.03310200080488073,Low
8646-JCOMS,0,0.16492960732568593,Low
0979-MOZQI,0,0.04914724653488613,Low
1525-LNLOJ,0,0.06982131787675248,Low
5759-RCVCB,1,0.6558384197750489,High
9968-FFVVH,0,0.06230417202988872,Low
2266-FUBDZ,0,0.02882507965321486,Low
4760-THGOT,1,0.5917104025585754,Medium
2307-FYNNL,0,0.3729286505491528,Low
1143-NMNQJ,1,0.9322059386262679,Very High
1629-DQQVB,0,0.3472005875559072,Low
3766-EJLFL,0,0.16629909657384945,Low
8457-XIGKN,0,0.20941508474596968,Low
4981-FLTMF,0,0.12862834381885194,Low
7606-BPHHN,0,0.011390041587870773,Low
7005-CCBKV,1,0.8531211542699693,Very High
4648-YPBTM,0,0.08601668647349993,Low
2325-ZUSFD,0,0.15987939075914562,Low
1240-KNSEZ,1,0.6715605219818223,High
0430-IHCDJ,1,0.6484868070187807,High
7957-RYHQD,1,0.5165956387130523,Medium
6164-HAQTX,0,0.021942085529422378,Low
0749-IRGQE,1,0.7504294175400624,High
1227-UDMZR,0,0.018116799362704626,Low
5473-KHBPS,0,0.2849974592348516,Low
5297-MDOIR,0,0.12914019869837393,Low
8873-TMKGR,0,0.014337176286971584,Low
6481-ESCNL,1,0.674526297134781,High
0463-WZZKO,0,0.3950990526512215,Low
1038-RQOST,0,0.1530145137168421,Low
4937-QPZPO,1,0.5509712913700571,Medium
3604-WLABM,0,0.4861613320399193,Medium
1360-XFJMR,0,0.3872222060549893,Low
8717-VCTXJ,0,0.053463868640795234,Low
5196-SGOAK,1,0.9190759725219718,Very High
8739-XNIKG,1,0.898901443938807,Very High
2320-TZRRH,0,0.06208486377172778,Low
5186-SAMNZ,1,0.9028530906055243,Very High
5760-FXFVO,1,0.7567568091870601,High
5380-WJKOV,1,0.7768129931158675,High
4703-MQYKT,0,0.028815818014619285,Low
2001-MCUUW,0,0.3709541216359376,Low
4947-DSMXK,1,0.6463444350905996,High
0076-LVEPS,0,0.19487728881502292,Low
5566-SOEZD,0,0.22509403686542762,Low
7408-OFWXJ,0,0.01731383652059752,Low
1097-FSPVW,0,0.25910069539216735,Low
4412-YLTKF,1,0.7197389339071286,High
0420-TXVSG,0,0.057637287717250976,Low
7817-BOQPW,1,0.9016605198022362,Very High
0963-ZBDRN,1,0.665956920222449,High
9685-WKZGT,1,0.8305984014465133,Very High
2139-FQHLM,1,0.5111825472209213,Medium
5825-XJOCM,0,0.1215733699637089,Low
0004-TLHLJ,1,0.8354449686089466,Very High
7529-ZDFXI,1,0.6582081046596834,High
6848-YLDFR,0,0.17285350256415027,Low
5820-PTRYM,0,0.1147983345732455,Low
2984-RGEYA,0,0.016258275100326253,Low
6434-TTGJP,0,0.049728560032844114,Low
9643-AVVWI,1,0.796124798536242,High
3506-OVLKD,0,0.08552000550203534,Low
4946-EDSEW,0,0.162430688974832,Low
2924-KHUVI,1,0.5755578044717691,Medium
2263-SFSQZ,0,0.03916751972397184,Low
5281-BUZGT,1,0.6879479352829175,High
3717-FDJFU,0,0.04099538726567587,Low
2239-CFOUJ,0,0.20949397372716175,Low
8699-ASUFO,1,0.838019939615494,Very High
1122-YJBCS,0,0.06710600832000631,Low
0628-CNQRM,0,0.16504249009746633,Low
1705-GUHPV,0,0.021170409362829008,Low
4877-TSOFF,0,0.1302507984586702,Low
7404-JLKQG,1,0.6677370115824618,High
0379-DJQHR,0,0.06909782526416523,Low
8993-PHFWD,1,0.7153927432253805,High
3930-ZGWVE,1,0.5691304258601414,Medium
1965-DDBWU,1,0.6972701131905601,High
7572-KPVKK,0,0.29592817835827184,Low
6854-EXGSF,1,0.5379047092337454,Medium
9483-GCPWE,0,0.08430589337746629,Low
8053-WWDRO,0,0.30329083272402796,Low
9473-CBZOP,0,0.10298159923586972,Low
3985-HOYPM,0,0.04158457346869848,Low
8378-LKJAF,1,0.7111396727292972,High
1310-QRITU,1,0.6004701705395203,High
3237-AJGEH,1,0.5462879571876172,Medium
6542-LWGXJ,1,0.630906504886391,High
6953-PBDIN,0,0.05430023338929571,Low
6332-FBZRI,0,0.07672666279901151,Low
9365-CSLBQ,0,0.011104664381146096,Low
3466-WAESX,1,0.5556108028566812,Medium
9700-ISPUP,1,0.537513446074718,Medium
5167-ZFFMM,1,0.9434525268425646,Very High
7669-LCRSD,1,0.5007828803780954,Medium
0870-VEMYL,0,0.397685915986725,Low
2995-UPRYS,0,0.43268588381080303,Medium
3179-GBRWV,0,0.4108914879639342,Medium
0701-TJSEF,0,0.40503132782683093,Medium
1848-LBZHY,1,0.5041569557577867,Medium
5380-XPJNZ,0,0.05546811161660549,Low
6608-QQLVK,1,0.8259073265832206,Very High
1475-VWVDO,1,0.8153817833250437,Very High
3721-CNEYS,1,0.8638292561131407,Very High
4299-OPXEJ,0,0.04091034293904629,Low
0096-BXERS,1,0.6408467004406228,High
3055-VTCGS,0,0.13038691559614699,Low
9405-GPBBG,0,0.22154377632706812,Low
6704-UTUKK,1,0.6333879148305215,High
9944-AEXBM,1,0.6589723769070659,High
2545-EBUPK,1,0.9337838961679809,Very High
6270-OMFIW,0,0.4574431167234729,Medium
1852-XEMDW,0,0.25058991777053613,Low
8158-WPEZG,1,0.584872147539864,Medium
5198-EFNBM,0,0.4259044006529303,Medium
7663-RGWBC,1,0.7521434456103875,High
3970-XGJDU,0,0.023430931328221136,Low
6845-RGTYS,1,0.6093178273531756,High
0123-CRBRT,0,0.028382956272474984,Low
6077-BDPXA,1,0.8396247762237916,Very High
2250-IVBWA,0,0.29579414215084415,Low
6137-NICCO,1,0.8582077863816406,Very High
8129-GMVGI,0,0.02890036064830689,Low
4353-HYOJD,0,0.25580518245779366,Low
8671-KKKOS,0,0.44993830247458977,Medium
8080-DDEMJ,1,0.8098260406256244,Very High
6698-OXETB,0,0.03659929584109637,Low
3312-UUMZW,1,0.7049963682561453,High
6376-GAHQE,1,0.8105193180889795,Very High
0733-VUNUW,0,0.3029681434200873,Low
6733-LRIZX,0,0.3442381077321083,Low
2165-VOEGB,0,0.2676828835920675,Low
1853-UDXBW,1,0.9118507938281357,Very High
9070-BCKQP,0,0.08705951851762936,Low
1035-IPQPU,1,0.6297558700639162,High
2057-ZBLPD,1,0.7869573237398091,High
6967-PEJLL,0,0.14327110871105053,Low
7879-CGSFV,0,0.3096309516868092,Low
2257-BOVXD,0,0.4797466556992619,Medium
9822-BIIGN,0,0.25435820257286923,Low
1136-XGEQU,0,0.21624595767689317,Low
2439-LYPMQ,1,0.8013185794457824,Very High
6543-XRMYR,1,0.818220939548586,Very High
5753-QQWPW,0,0.17833434507008347,Low
4785-QRJHC,0,0.28893469857025267,Low
0052-YNYOT,0,0.04869533570222572,Low
7054-LGEQW,1,0.6918024147053089,High
0608-JDVEC,0,0.04569469133345684,Low
6284-KMNUF,1,0.5170935180247342,Medium
6286-SUUWT,1,0.5938906205890275,Medium
3594-KADLU,1,0.5129172289935183,Medium
0536-ACXIP,0,0.09702995108592836,Low
8869-TORSS,0,0.12116977080393145,Low
0373-AIVNJ,0,0.21234122083522683,Low
6429-SHBCB,0,0.45478756811969856,Medium
5751-USDBL,0,0.05570197978418441,Low
6815-ABQFQ,1,0.5924621167509021,Medium
9450-TRJUU,1,0.6650787340492981,High
2805-AUFQN,0,0.03240160451439107,Low
7855-DIWPO,1,0.7056397478123781,High
0174-QRVVY,0,0.013759878495724562,Low
9507-EXLTT,1,0.9185625637146018,Very High
8390-FESFV,0,0.0594263209560628,Low
0661-KBKPA,0,0.21215829983557702,Low
6856-RAURS,1,0.8690631528102666,Very High
7322-OCWHC,0,0.028436864961295487,Low
2203-GHNWN,1,0.6020894709042101,High
3413-CSSTH,0,0.29571583922412864,Low
3006-XIMLN,1,0.9264433131203941,Very High
3750-CKVKH,1,0.8596151122576311,Very High
0576-WNXXC,1,0.7775129781197686,High
7056-IMHCC,1,0.7687136062475295,High
0866-QLSIR,0,0.10341948309086971,Low
1628-BIZYP,1,0.9363729876133263,Very High
2230-XTUWL,0,0.028614263037775242,Low
1980-KXVPM,1,0.8648660008137424,Very High
8619-IJNDK,0,0.015341597676454207,Low
2960-NKRSO,1,0.5647479744216327,Medium
6705-LXORM,1,0.792832047689539,High
7130-VTEWQ,1,0.859317358803245,Very High
9364-YKUVW,0,0.22366028421226816,Low
2761-OCIAX,1,0.8728011884936067,Very High
7996-BPXHY,0,0.059893419240360124,Low
4248-QPAVC,1,0.6453335511489973,High
9357-UJRUN,0,0.18978929801746575,Low
6340-DACFT,0,0.03187542929080887,Low
1023-BQXZE,0,0.08967912912360743,Low
5480-HPRRX,1,0.7673497436589151,High
9576-SYUHJ,1,0.6560266274764643,High
2169-RRLFW,0,0.016535194404074027,Low
8338-QIUNR,0,0.01357711996856242,Low
0463-TXOAK,0,0.03518052137457247,Low
4396-KLSEH,0,0.47935835997712567,Medium
5186-EJEGL,0,0.4192558590318455,Medium
9334-GWGOW,1,0.8771018526017905,Very High
5696-JVVQY,0,0.0843671406075198,Low
9633-DENPU,0,0.3378898067528138,Low
0581-BXBUB,1,0.7761623772720428,High
2750-BJLSB,0,0.4915535377078688,Medium
2770-NSVDG,1,0.5124325763380749,Medium
8280-MQRQN,1,0.7666926569487736,High
7851-FLGGQ,1,0.6356851267035507,High
9374-YOLBJ,0,0.4855922967715309,Medium
6583-SZVGP,0,0.44559965520323447,Medium
2150-OEGBV,0,0.05632305393865946,Low
9372-TXXPS,0,0.03121834973084087,Low
6933-FHBZC,0,0.1812168090637662,Low
4698-KVLLG,0,0.03918220300837958,Low
8752-STIVR,1,0.862711694296096,Very High
8623-ULFNQ,0,0.4915261958810527,Medium
9822-WMWVG,1,0.6070448370728928,High
4304-TSPVK,0,0.17150114131454422,Low
1716-LSAMB,0,0.0495743798161932,Low
3523-QRQLL,0,0.3462497316109914,Low
2187-PKZAY,1,0.7503154788583108,High
1895-QTKDO,1,0.6990481312021967,High
8161-QYMTT,1,0.9180196471261884,Very High
2955-PSXOE,1,0.603178767085443,High
6834-NXDCA,1,0.6556988325666718,High
8701-DGLVH,0,0.03155714462024534,Low
2480-SQIOB,1,0.6097312050934253,High
4993-JCRGJ,0,0.49849214858396784,Medium
0581-MDMPW,1,0.6981355512322867,High
7789-CRUVC,0,0.23278530115038618,Low
0164-APGRB,0,0.06528466383207754,Low
8034-RYTVV,0,0.20366870080689106,Low
3018-TFTSU,1,0.5477532344923419,Medium
9777-IQHWP,0,0.1158572668078662,Low
6899-PPEEA,1,0.7894701533474077,High
6701-YVNQG,0,0.02261577763459669,Low
7649-PHJVR,0,0.07167905097735365,Low
9278-VZKCD,1,0.657236426726939,High
7636-PEPNS,0,0.14081010943138755,Low
1575-KRZZE,0,0.4909669450864505,Medium
8590-OHDIW,0,0.052352908090016914,Low
7764-BDPEE,0,0.3150286256805935,Low
9480-BQJEI,0,0.2569836280161626,Low
3354-OADJP,0,0.19186434372779124,Low
3181-MIZBN,0,0.22604171762957476,Low
9327-QSDED,0,0.44296292457689956,Medium
4892-VLANZ,1,0.5691304258601414,Medium
0298-XACET,0,0.033249657412539296,Low
6917-FIJHC,0,0.01278111133574389,Low
6557-BZXLQ,1,0.6983833198963649,High
2432-TFSMK,0,0.4628226865955025,Medium
4211-MMAZN,1,0.5586510648448444,Medium
4751-ERMAN,0,0.05193145441520699,Low
8430-TWCBX,0,0.07045188629746832,Low
1942-OQFRW,1,0.7662090296647687,High
4075-JFPGR,0,0.3114674939758723,Low
3339-EAQNV,0,0.2692978231646782,Low
5329-KRDTM,0,0.028666002510786798,Low
0307-BCOPK,0,0.022805371881008427,Low
6473-ULUHT,0,0.4588527402746462,Medium
1194-SPVSP,1,0.5240387536221203,Medium
7249-WBIYX,1,0.8676891826321926,Very High
2293-IJWPS,1,0.5006749459773303,Medium
4377-VDHYI,0,0.3691401570484509,Low
0019-EFAEP,0,0.0591164675344649,Low
2480-EJWYP,0,0.44876816425893806,Medium
8970-ANWXO,0,0.2959779573033728,Low
8739-WWKDU,1,0.7854383611220511,High
2171-UDMFD,0,0.12087047417865514,Low
7036-TYDEC,0,0.2772509865995522,Low
3831-YCPUO,0,0.04901429475098025,Low
0121-SNYRK,0,0.09586856655766512,Low
3325-FUYCG,0,0.4080242365196421,Medium
1952-DVVSW,0,0.09427853795938818,Low
3571-DPYUH,0,0.21008579212354156,Low
2077-MPJQO,1,0.8780193827225038,Very High
2391-SOORI,0,0.4964196095241721,Medium
4086-ATNFV,0,0.13177943497123273,Low
3396-DKDEL,0,0.07642276140163116,Low
7471-MQPOS,0,0.09784748189626287,Low
7181-OQCUT,1,0.7318007692742725,High
3489-VSFRD,0,0.10105981882830004,Low
6283-GITPX,0,0.02217415993223083,Low
2845-HSJCY,1,0.8304922230597728,Very High
7216-KAOID,0,0.04967559861278813,Low
6680-WKXRZ,1,0.7923165057988002,High
2346-LOCWC,0,0.028138214438633475,Low
0769-MURVM,0,0.01390664611318042,Low
3374-LXDEV,1,0.7003319522427792,High
5318-YKDPV,0,0.06966877144335228,Low
8190-ZTQFB,0,0.4593819677964376,Medium
4512-ZUIYL,1,0.772649072496985,High
3090-QFUVD,0,0.4860622164560754,Medium
4806-KEXQR,1,0.8649488275831366,Very High
2369-FEVNO,1,0.6715605219818223,High
9637-CDTKZ,0,0.09516147078674049,Low
2954-PIBKO,0,0.030748446160491313,Low
2212-LYASK,0,0.27525087207781723,Low
9481-SFCQY,0,0.4702577180683988,Medium
2828-SLQPF,0,0.438273744116571,Medium
4647-MUZON,1,0.7514144025855622,High
8212-DJRCH,1,0.7502225125184976,High
0516-OOHAR,0,0.4119164197268696,Medium
4973-RLZVI,0,0.1446020718057056,Low
8089-UZWLX,0,0.1720380449088563,Low
9732-KPKBW,1,0.670317989141894,High
9715-WZCLW,0,0.20689620132601363,Low
0257-KXZGU,0,0.2599341270158618,Low
0707-HOVVN,0,0.09436158675583921,Low
5501-TVMGM,1,0.8510108484158794,Very High
3422-LYEPQ,1,0.9135187960603242,Very High
2277-VWCNI,1,0.6438321202625892,High
5461-QKNTN,1,0.6550102368638644,High
3967-KXAPS,0,0.017382431534340437,Low
6919-ELBGL,0,0.050571001749561105,Low
8361-LTMKD,1,0.8530726217534884,Very High
1131-ALZWV,0,0.09450108040118689,Low
5178-LMXOP,1,0.970587690995976,Very High
8992-CEUEN,0,0.4022019641824324,Medium
3320-VEOYC,1,0.8933992714204088,Very High
3672-YITQD,1,0.7684869287547568,High
6080-TCMYC,1,0.6746472421734659,High
6734-FQAJX,0,0.25518909849402927,Low
1063-DHQJF,0,0.05510793010938496,Low
3976-NLDEZ,1,0.5549388894571885,Medium
1729-VLAZJ,0,0.144785795531647,Low
3400-ESFUW,0,0.041287793571685834,Low
5271-YNWVR,0,0.2470098572292906,Low
1587-FKLZB,1,0.610932228783796,High
0958-YHXGP,1,0.7502123146677709,High
1494-EJZDW,0,0.0329842238280188,Low
1816-FLZDK,1,0.6026809357302555,High
2075-PUEPR,0,0.029501739586111363,Low
1833-TCXKK,1,0.7197079443800567,High
1436-ZMJAN,1,0.5786979547420933,Medium
0106-UGRDO,0,0.15872088805893175,Low
1069-XAIEM,1,0.966167004212035,Very High
4213-HKBJO,0,0.051314198724939857,Low
8345-MVDYC,0,0.06487042604293015,Low
2672-OJQZP,1,0.6884511693372769,High
5136-RGMZO,0,0.4162587623729333,Medium
5774-QPLTF,0,0.054524004513692007,Low
5240-CAOYT,0,0.28217444002013814,Low
3707-GNWHM,1,0.9177684075940264,Very High
5159-YFPKQ,1,0.8687299165826888,Very High
5052-PNLOS,1,0.8971572647929574,Very High
6173-GOLSU,1,0.6489181972825784,High
6661-HBGWL,1,0.7174301441722387,High
8207-VVMYB,0,0.03150815627377739,Low
5324-KTGCG,0,0.03915870862470022,Low
7354-OIJLX,1,0.8331891222205922,Very High
9286-BHDQG,0,0.013100373718609294,Low
3567-PQTSO,1,0.5714631307235554,Medium
3197-ARFOY,1,0.7306491885966799,High
5698-BQJOH,1,0.8684958283535594,Very High
1090-ESELR,0,0.06368098829524729,Low
0056-EPFBG,0,0.048172041473774574,Low
4955-VCWBI,0,0.05256978464615464,Low
4717-GHADL,0,0.09483363854011599,Low
0058-EVZWM,0,0.45570024824244865,Medium
7218-HKQFK,1,0.881032336664554,Very High
5057-RKGLH,0,0.037186885631341406,Low
2309-OSFEU,1,0.609876052490367,High
3429-IFLEM,0,0.022659863732017376,Low
1550-LOAHA,1,0.5022464989955362,Medium
1400-MMYXY,1,0.9281740951169045,Very High
7503-QQRVF,1,0.6646543419175636,High
7504-UWHNB,1,0.5816553292281059,Medium
9565-JSNFM,0,0.2998997866606668,Low
4735-BJKOU,0,0.03221893866622445,Low
3580-GICBM,0,0.0257425183261147,Low
7632-YUTXB,0,0.053608749269432494,Low
9412-ARGBX,0,0.0965576253429994,Low
9576-ANLXO,1,0.7882832187300173,High
1110-KYLGQ,0,0.366545255216551,Low
8696-JKZNU,1,0.7281305937271945,High
8757-TFHHJ,1,0.6895253459795906,High
2955-BJZHG,1,0.6581230841632342,High
9048-JVYVF,1,0.6970060737487627,High
0682-USIXD,1,0.679262290222556,High
3884-UEBXB,0,0.03116446602514369,Low
1776-SPBWV,0,0.06618281785344188,Low
9050-QLROH,1,0.7321814882970137,High
2925-VDZHY,0,0.017241046211280683,Low
9512-UIBFX,1,0.6478127977005036,High
8676-TRMJS,1,0.7765047755408637,High
3334-CTHOL,1,0.7855944935039024,High
6331-LWDTQ,1,0.6486260998577287,High
3847-BAERP,0,0.2574037165387117,Low
4709-LKHYG,0,0.07086001386243912,Low
8621-MNIHH,1,0.7440543980545715,High
8884-ADFVN,1,0.9476196233834554,Very High
2885-HIJDH,0,0.0543952603414441,Low
8570-KLJYJ,0,0.10263147075767709,Low
9339-FIIJL,0,0.02964372589144891,Low
6223-DHJGV,0,0.06735722282592078,Low
0959-WHOKV,0,0.46095757363785583,Medium
9610-WCESF,0,0.07457568051963577,Low
9279-CJEOJ,1,0.8302082294279002,Very High
2985-FMWYF,1,0.8267837109191318,Very High
3540-RZJYU,1,0.6602792242590101,High
2522-WLNSF,0,0.18767372652037964,Low
6861-XWTWQ,1,0.944862912762976,Very High
8735-NBLWT,0,0.20917686337600783,Low
1744-JHKYS,0,0.20755464753245734,Low
0841-NULXI,1,0.9021601221684906,Very High
4016-BJKTZ,0,0.31371567211060913,Low
9298-WGMRW,0,0.04944192513921551,Low
7893-IXHRQ,1,0.5815420238187837,Medium
8785-CJSHH,1,0.6547744912445478,High
7654-YWJUF,0,0.15616647337982018,Low
8909-BOLNL,0,0.1030923861011076,Low
9919-FZDED,0,0.035631713805905595,Low
0322-CHQRU,1,0.6911699353258163,High
3587-PMCOY,1,0.7337101432010429,High
0655-RBDUG,1,0.9159324012490272,Very High
0983-TATYJ,0,0.13942613586380245,Low
5650-YLIBA,1,0.7002816821619731,High
5144-TVGLP,1,0.718192840236388,High
3569-EDBPQ,1,0.6019967790169871,High
4945-RVMTE,0,0.3426231621548501,Low
3511-BFTJW,0,0.015415945267067886,Low
5537-UXXVS,0,0.11874389285043281,Low
8782-NUUOL,0,0.0894854513315602,Low
2865-TCHJW,1,0.9201557416802076,Very High
9931-KGHOA,0,0.22276271127018568,Low
3071-MVJCD,0,0.01265723529713833,Low
7279-BUYWN,1,0.7097988153603918,High
3756-VNWDH,0,0.4965840848642703,Medium
1395-OFUWC,0,0.2956240131390583,Low
4223-BKEOR,0,0.17907016434549117,Low
0040-HALCW,0,0.02902826822547891,Low
7124-UGSUR,0,0.41941399463453655,Medium
7395-XWZOY,0,0.37433185201537755,Low
5440-VHLUL,1,0.5453711101462174,Medium
4706-DGAHW,1,0.8098260406256244,Very High
8166-ORCHU,0,0.3739193292760101,Low
3978-YNKDD,0,0.029059685817656132,Low
7198-GLXTC,1,0.8400095137249303,Very High
6366-XIVKZ,0,0.3769877641503694,Low
5133-POWUA,1,0.7550533322072951,High
8400-WZICQ,0,0.2786943639931604,Low
5382-SOYZL,1,0.8419100255736454,Very High
1989-PRJHP,1,0.723186740045626,High
4154-AQUGT,1,0.6992742912823857,High
0980-FEXWF,0,0.1351670759535231,Low
5845-BZZIB,0,0.024803580075093347,Low
4840-ORQXB,1,0.6362427924436168,High
0295-PPHDO,1,0.970671571892838,Very High
8775-ERLNB,1,0.9277165627873449,Very High
0376-YMCJC,1,0.7312629139658174,High
7410-YTJIK,1,0.7441549481242042,High
9927-DSWDF,1,0.697983114961042,High
6681-ZSEXG,0,0.06621806215085971,Low
5702-KVQRD,0,0.05759258506936007,Low
8711-LOBKY,0,0.03187844206115975,Low
9692-TUSXH,1,0.7596222982833827,High
4012-YCFAI,0,0.028337682085666838,Low
8455-HIRAQ,0,0.4434877457958238,Medium
7853-WNZSY,1,0.5496332013992569,Medium
0390-DCFDQ,1,0.9198329976431205,Very High
6421-SZVEM,0,0.3309282896741303,Low
3094-JOJAI,1,0.5591514527778532,Medium
4873-ILOLJ,1,0.7575052763449721,High
8181-YHCMF,0,0.03203656503538154,Low
3324-OIRTO,0,0.21373418144957856,Low
9135-HSWOC,0,0.022839741819658792,Low
2272-WUSPA,0,0.13723492460251166,Low
4627-MIHJH,0,0.19154115371084784,Low
3896-RCYYE,0,0.164488986198792,Low
6729-GDNGC,1,0.6203650438706831,High
9945-PSVIP,0,0.017029323346044553,Low
4137-JOPHL,0,0.14256788884966315,Low
2720-FVBQP,1,0.6128507050681492,High
7854-EKTJL,0,0.4973582935895358,Medium
1133-KXCGE,0,0.0705467630904234,Low
6048-QBXKL,1,0.7343494954682378,High
6338-AVWCY,1,0.7733416719192122,High
0013-MHZWF,1,0.531577105513716,Medium
9804-ICWBG,1,0.91585518002527,Very High
2368-GAKKQ,0,0.1546757109764892,Low
4829-AUOAX,1,0.5746818297683002,Medium
7876-BEUTG,1,0.5151431206997218,Medium
6349-JDHQP,0,0.03739082550484535,Low
3063-QFSZL,1,0.8603613149483139,Very High
9142-XMYJH,0,0.13575012618546017,Low
2609-IAICY,1,0.942594354105859,Very High
8626-PTQGE,0,0.03789273639592031,Low
0230-UBYPQ,0,0.10815373829852873,Low
6814-ZPWFQ,0,0.07573709955061779,Low
5921-NGYRH,0,0.2640189053032768,Low
7803-XOCCZ,0,0.26907444792253626,Low
1459-QNFQT,0,0.032711654035298285,Low
3948-FVVRP,0,0.34771524361986084,Low
0923-PNFUB,1,0.787196798429905,High
4654-ULTTN,0,0.0730564178298175,Low
5628-FCGYG,1,0.8008754168005919,Very High
0506-LVNGN,1,0.8106712603928429,Very High
4329-YPDDQ,1,0.6518122455150811,High
9866-OCCKE,0,0.04453040000418961,Low
0794-YVSGE,0,0.008604495970162484,Low
4342-HENTK,1,0.8792703756884045,Very High
5934-TSSAU,1,0.565135375307979,Medium
9986-BONCE,0,0.35324589385242056,Low
5301-GAUUY,1,0.5845535390366827,Medium
0725-CXOTM,0,0.23472354668612408,Low
2843-CQMEG,0,0.35139297837882216,Low
5600-PDUJF,1,0.5214630695048018,Medium
4500-HKANN,0,0.056414685911202876,Low
1862-QRWPE,0,0.03424583385758494,Low
2155-AMQRX,0,0.3001109342628798,Low
0823-HSCDJ,1,0.6727421260975839,High
4090-KPJIP,1,0.8818879239067541,Very High
2737-YNGYW,1,0.8544458269312056,Very High
5619-XZZKR,0,0.09896554611413555,Low
6047-YHPVI,1,0.824824658198167,Very High
8375-DKEBR,1,0.9302633483159983,Very High
7729-XBTWX,0,0.016967193727782347,Low
4983-CLMLV,1,0.5566789762294879,Medium
9227-LUNBG,1,0.7947800495186874,High
2758-RNWXS,0,0.350035275342579,Low
7055-HNEOJ,1,0.562328696105415,Medium
7134-MJPDY,0,0.4662203694562981,Medium
4560-WQAQW,0,0.10438975019918259,Low
8532-UEFWH,0,0.03178258867837724,Low
8541-QVFKM,1,0.8422797479493915,Very High
7129-ACFOG,1,0.6481251328028842,High
2495-INZWQ,1,0.8569368720935092,Very High
0263-FJTQO,0,0.06483349752552725,Low
0181-RITDD,0,0.06013203441648298,Low
8241-JUIQO,0,0.035776314598343455,Low
0913-XWSCN,0,0.4854178726314665,Medium
2159-TURXX,0,0.2995876376414805,Low
6461-PPAXN,0,0.11408050136806426,Low
1452-KIOVK,1,0.6777697017899036,High
1139-WUOAH,0,0.06685520767078965,Low
3207-OYBWH,1,0.5536337116179926,Medium
8347-GDTMP,0,0.02356871173826402,Low
9909-DFRJA,0,0.3256390832437698,Low
6383-ZTSIW,0,0.3785554784815954,Low
5438-QMDDL,0,0.44264267191297957,Medium
8914-RBTSB,1,0.6186623721489813,High
6164-HXUGH,0,0.2636203330699483,Low
6900-RBKER,0,0.28581395604123444,Low
1492-QGCLU,0,0.2709782373839259,Low
6664-FPDAC,0,0.48757763716221875,Medium
1088-AUUZZ,0,0.06344864197797098,Low
6651-AZVTJ,1,0.7598866233885082,High
8219-VYBVI,0,0.03609598454155903,Low
0310-MVLET,1,0.588730900468911,Medium
7233-IOQNP,0,0.23606537038001413,Low
7311-MQJCH,0,0.143511808926396,Low
9256-JTBNZ,0,0.2347634437782071,Low
8713-IGZSO,0,0.3971589681004625,Low
6821-BUXUX,1,0.8063954786584783,Very High
9114-DPSIA,0,0.013641481150499821,Low
4501-UYKBC,0,0.2483381586640244,Low
2798-NYLMZ,0,0.23513678410328473,Low
6711-VTNRE,1,0.5777202044683358,Medium
5966-EMAZU,0,0.3269044769681768,Low
3627-FHKBK,1,0.8009831788320342,Very High
7861-UVUFT,1,0.7636084159616773,High
9824-QCJPK,0,0.050433431204872405,Low
7816-VGHTO,0,0.07374181014437087,Low
3794-NFNCH,0,0.29556378691313756,Low
3877-JRJIP,1,0.8521136229215632,Very High
5228-EXCET,1,0.7837300912076884,High
6248-BSHKG,0,0.041317965321965085,Low
8915-NNTRC,0,0.08600899235927997,Low
3470-OBUET,0,0.04913533352763578,Low
3229-USWAR,0,0.22086125203688456,Low
1927-QEWMY,0,0.011681854629853432,Low
6374-AFWOX,0,0.0456269785506943,Low
7912-SYRQT,1,0.8246751152452717,Very High
2070-FNEXE,1,0.6628205118559498,High
5803-NQJZO,0,0.014389819125257216,Low
5651-YLPRD,1,0.642703973153682,High
1271-UODNO,0,0.08453988410639378,Low
5014-WUQMG,0,0.30702361770004916,Low
5889-JTMUL,1,0.6747424639671741,High
0788-DXBFY,0,0.08488452581414928,Low
2669-QVCRG,1,0.5284572414778624,Medium
6630-UJZMY,1,0.9088128274087057,Very High
5061-PBXFW,0,0.1790095649157065,Low
2700-LUEVA,0,0.45802671647844334,Medium
3865-ZFZIB,0,0.028815818014619285,Low
0471-ARVMX,0,0.45201026601325917,Medium
8985-OOPOS,0,0.380701363003118,Low
0719-SYFRB,0,0.3595665795789064,Low
0447-BEMNG,0,0.3212333634996486,Low
5630-AHZIL,0,0.4715426678858686,Medium
2190-BCXEC,1,0.5296676966249655,Medium
1559-DTODC,1,0.5113346549388186,Medium
3244-DCJWY,1,0.9182556991252695,Very High
3967-VQOGC,0,0.0197949171485566,Low
0265-PSUAE,1,0.6401246822764807,High
1622-HSHSF,1,0.6617021420054878,High
9867-XOBQA,0,0.03817434174179428,Low
6773-LQTVT,0,0.4019157221927718,Medium
4332-MUOEZ,0,0.33016446503083263,Low
0023-XUOPT,1,0.7674223608058685,High
6543-CPZMK,1,0.5850761685009078,Medium
6418-HNFED,0,0.067093522521716,Low
1036-GUDCL,0,0.1554265386362766,Low
4818-QIUFN,1,0.7236999919894291,High
0778-NELLA,1,0.6100943202019402,High
7495-OOKFY,1,0.8237742800112968,Very High
4737-HOBAX,0,0.06775673146449321,Low
7919-ZODZZ,0,0.3482013846543739,Low
2988-PLAHS,1,0.6476383462793345,High
9067-SQTNS,0,0.05579246778138754,Low
6483-OATDN,0,0.45295508308563315,Medium
5469-CTCWN,0,0.3931273572133824,Low
3524-WQDSG,1,0.6699825131431342,High
6968-URWQU,0,0.207783961955629,Low
8601-QACRS,1,0.6195844072673407,High
8690-UPCZI,0,0.11581451035221421,Low
5331-RGMTT,1,0.7194320501645673,High
1357-BIJKI,1,0.6175356682419987,High
2088-IEBAU,0,0.09949286944323907,Low
0679-IDSTG,1,0.9267272043255761,Very High
6519-ZHPXP,0,0.04697767977148446,Low
2101-RANCD,1,0.5607969886185574,Medium
4029-HPFVY,1,0.7758525288540451,High
1015-OWJKI,0,0.36028288747989146,Low
8314-HTWVE,0,0.0392033610045404,Low
5357-TZHPP,1,0.8410186900698231,Very High
8727-XDPUD,0,0.08634595851592343,Low
9073-ZZIAY,0,0.05779491118363603,Low
5181-OABFK,0,0.053426165449694314,Low
3812-LRZIR,0,0.05732424147202106,Low
5204-HMGYF,0,0.11939661059320324,Low
9950-MTGYX,0,0.028836666470745568,Low
3675-EQOZA,0,0.31308876749137743,Low
3646-ITDGM,0,0.03707156727164102,Low
3913-FCUUW,0,0.013789083361492831,Low
